Book Title,Author Name,Rating,Review Count,Price
"MINtile  Practice Copybook, (4 Book + 10 Refill) Number Tracing Book for Preschoolers with Pen, Magic Calligraphy Copybook Set Practical Reusable Writing Tool Simple Hand Lettering",Sank Magic,4.0 out of 5 stars,"2,196",95.0
BRAHMASTRA Complete Maths Multicolored Formula Book Second Edition BILINGUAL by Aditya Ranjan Sir,Aditya Sir Ranjan,4.5 out of 5 stars,"1,958",179.0
My First Library: Boxset of 10 Board Books for Kids,Wonder House Books,4.5 out of 5 stars,"78,515",379.0
Subah Saraf,Paperback,Rating Not Found,Review Not Found,348.0
Atomic Habits,James Clear,4.6 out of 5 stars,"94,969",463.0
My First Book of Patterns Pencil Control: Patterns Practice book for kids (Pattern Writing),Wonder House Books,4.4 out of 5 stars,"28,166",99.0
BlackBook of English Vocabulary May 2024 by,Nikhil Gupta,4.3 out of 5 stars,229,284.0
The Power of Your Subconscious Mind: Original Edition | Premium Paperback,Joseph Murphy,4.4 out of 5 stars,"11,050",113.0
Don't Believe Everything You Think (English),Joseph Nguyen,4.5 out of 5 stars,"6,604",161.0
"Moral Story Books for Kids (Illustrated) - English Short Stories with Colourful Pictures - Bedtime Children Story Book - 3 Years to 6 Years Old Children - Read Aloud to Infants, Toddlers (Set of 10 Books)",Maple Press,4.5 out of 5 stars,"2,806",209.0
Days at the Morisaki Bookshop : A charming and uplifting Japanese translated story on the healing power of books,Satoshi Yagisawa,4.3 out of 5 stars,"3,878",199.0
Ikigai,Francesc Miralles,4.6 out of 5 stars,"55,133",319.0
National Council of Educational Research and Training,Paperback,Rating Not Found,Review Not Found,65.0
"Courage To Be Disliked, The: How to free yourself, change your life and achieve real happiness (Courage To series)",Ichiro Kishimi and Fumitake Koga,4.5 out of 5 stars,"14,150",254.0
Samsara: Enter The Valley Of The Gods,Saksham Garg,4.3 out of 5 stars,"1,293",154.0
Coloring Books Box Set: Pack of 12 Copy Color Books For Children,Wonder House Books,4.4 out of 5 stars,"4,892",342.0
National Council of Educational Research and Training,Paperback,Rating Not Found,Review Not Found,65.0
"Grandma's Bag of Stories: Collection of 20+ Illustrated short stories, traditional Indian folk tales for all ages for children of all ages by Sudha Murty [Paperback] Sudha Murty",Murty Sudha,4.6 out of 5 stars,"20,847",155.0
Animals Tales From Panchtantra: Timeless Stories for Children From Ancient India,Wonder House Books,4.5 out of 5 stars,"5,697",189.0
The Mountain Is You: Transforming Self-Sabotage Into Self-Mastery,Brianna Wiest,4.2 out of 5 stars,"18,568",218.0
The Power of Your Subconscious Mind,Joseph Murphy,4.5 out of 5 stars,"71,412",109.0
The Psychology of Money,Morgan Housel,4.6 out of 5 stars,"64,385",259.0
Ravi Mantri,Paperback,4.9 out of 5 stars,289,
Word Power Made Easy By  (More than 700 Pages),Norman Lewis,4.4 out of 5 stars,"2,976",112.0
"THE SILENT PATIENT [Paperback] Michaelides, Alex",Alex Michaelides,4.5 out of 5 stars,"311,704",230.3
"My First Mythology Tale (Illustrated) (Set of 5 Books) - Mahabharata, Krishna, Hanuman, Ganesha, Ramayana - Story Books for Kids - English Short Stories - Read Aloud to Infants, Toddlers",Maple Press,4.4 out of 5 stars,"8,925",156.0
1001 Ultimate Brain Booster Activities for 4+ Years Old Kids |Enhance the Child Mind with Cognitive Excellence with Interactive Activity Book,Team Pegasus,4.6 out of 5 stars,"1,286",282.0
World’s Greatest Books For Personal Growth & Wealth (Set of 4 Books) : Perfect Motivational Gift Set,Dale Carnegie,4.5 out of 5 stars,"26,570",322.0
The Magic Of The Lost Temple**,Sudha Murty,4.6 out of 5 stars,"10,131",155.0
All In One Social Science CBSE Class 10th Based On Latest NCERT For CBSE Exams 2025 | Mind map in each chapter | Clear & Concise Theory | Intext & Chapter Exercises | Sample Question Papers,Susmita Dhar Kriti Arora,4.4 out of 5 stars,159,355.0
Oxford Student Atlas for India | 5th Edition | For UPSC and Competitive Exams | Latest Edition,Oxford University Press,4.5 out of 5 stars,285,235.0
Varchasva,Rajesh Pandey,4.8 out of 5 stars,33,314.0
All In One English Language & Literature CBSE Class 10th Based On Latest NCERT For CBSE Exams 2025 | Mind map in each chapter | Clear & Concise Theory | Intext & Chapter Exercises | Sample Question Papers,Prerna Kain Srishti Agarwal,4.2 out of 5 stars,96,379.0
DR,Staple Bound,Rating Not Found,Review Not Found,
1001 Jumbo Brain Booster Activities for 5 to 8 Years Old Kids|Enhance the Child Mind with Cognitive Excellence with Interactive Activity Book,Team Pegasus,4.6 out of 5 stars,820,282.0
"My First 1000 Words: Early Learning Picture Book to learn Alphabet, Numbers, Shapes and Colours, Transport, Birds and Animals, Professions, Opposite Words, Action Words, Parts of the body and Objects Around Us.",Wonder House Books,4.5 out of 5 stars,"9,054",172.0
Stop Overthinking,Nick Trenton,4.4 out of 5 stars,"10,492",146.0
National Council of Educational Research and Training,Paperback,Rating Not Found,Review Not Found,65.0
ENGLISH FOR GENERAL COMPETITIONS VOL - 1 IN ENGLISH NEW 2023 EDITION,NEETU SINGH,4.2 out of 5 stars,552,310.0
More Days at the Morisaki Bookshop,Satoshi Yagisawa,4.5 out of 5 stars,67,265.0
Nursery Rhymes Board Book (My First Book Series): Illustrated Classic Nursery Rhymes,Wonder House Books,4.6 out of 5 stars,"5,117",188.0
"Oswaal CBSE Question Bank Class 10 Science, Chapterwise and Topicwise Solved Papers For Board Exams 2025",Oswaal Editorial Board,4.5 out of 5 stars,260,556.0
"Deep Work: Rules for Focused Success in a Distracted World [Paperback] Newport, Cal",Cal Newport,4.5 out of 5 stars,"28,727",213.0
The Housemaid : An addictive psychological thriller with mind-bending twists,Freida McFadden,4.4 out of 5 stars,"315,661",215.0
Attitude is Everything change your attitude change your life!,Jeff Keller,4.5 out of 5 stars,"25,088",139.0
101 Pencil Control Activity Book For Kids: Tracing Practise Book Age 2+,Wonder House Books,4.4 out of 5 stars,863,151.0
"SSC TCS PYQs Mathematics Chapterwise & Typewise Solved Papers 11950+ Till - December 2023 (Stat. & Probab.) (Detailed & Short Sol.):Tcs Pyqs of Cgl;Cpo;Chsl;Mts;DP,GD Covered (English Medium)(4599)",Kiran Institute of Career Excellence,4.1 out of 5 stars,320,522.0
1800+ Reward Stickers - Ideal For Teachers And Parents : Sticker Book With Over 1800 Stickers To Boost The Morale of Kids,Wonder House Books,4.5 out of 5 stars,"2,262",160.0
Think and Grow Rich: THE 21st CENTURY EDITION,Napoleon Hill,4.5 out of 5 stars,"4,617",110.0
Rich Dad Poor Dad : What the Rich Teach Their Kids About Money,Robert T. Kiyosaki,4.5 out of 5 stars,"30,632",322.0
The Good Girl's Guide to Murder: Book 1 (A Good Girl?s Guide to Murder) (A Good Girl?s Guide to Murder),Holly Jackson,4.6 out of 5 stars,"55,346",229.0
The Alchemist,Paulo Coelho,4.6 out of 5 stars,"148,706",246.0
Best of Children's Classics : Perfect Gift Set for Kids (Set of 5 Books),Antoine de Saint-Exupéry,4.4 out of 5 stars,"7,133",464.0
Picture Books Collection for Early Learning (Set of 12),E C Axus,4.3 out of 5 stars,"19,951",208.0
The Almanack Of Naval Ravikant: A Guide to Wealth and Happiness,Eric Jorgenson,4.6 out of 5 stars,"18,436",241.08
Shrimad Bhagwat Geeta Yatharoop (Hindi),A.C. Bhaktivendanta Swami Prabhupada,4.8 out of 5 stars,"19,719",235.0
The Intelligent Investor (English) Paperback – 2013,Benjamin Graham,4.5 out of 5 stars,"46,457",492.0
Shlokas and Mantras - Activity Book For Kids - Illustrated Book With Engaging Activities and Sticker Sheets,Wonder House Books,4.7 out of 5 stars,"1,066",157.0
"Brain Activity Book for Kids - 200+ Activities for Age 3+ - Kids Activity Book - Early Learning - Activities for Children - Maths, English, Mazes, Spot the Differences, Word Search - Activity Book for 5 Year Old",Maple Press,4.4 out of 5 stars,"5,709",105.0
"Little Colouring Books for Kids (Set of 10 Books) - Gift to children for painting, drawing and coloring - Alphabets, Animals, Birds, Flags, Flowers, ... Transport, Vegetables - 3 to 6 years old",Maple Press,4.3 out of 5 stars,"4,113",185.0
